id,author,title,year,outlet_type,peer_reviewed,stage_pre,stage_data,stage_post,task_researchdesign,task_instdev,task_pretesting,task_translation,task_intprep,task_sampling,task_interviewing,task_datageneration,method_silicon,task_preprocessing,task_dataanalysis,task_classification,task_imputation,task_archiving,task_qualitycontrol,domain_publicopinion,domain_psych,domain_education,domain_consumer,domain_other,llm_multiple,llm_bert,llm_gpt,llm_llama,llm_claude,llm_mistral,llm_gemini,llm_mixtral,llm_xlnet,llm_alpaca,llm_deepseek,llm_gemma,llm_bard,llm_bart,llm_chatglm,llm_e5,llm_other,prompt_zero,prompt_few,prompt_finetune,lang_en,lang_de,lang_cn,lang_es,lang_fr,lang_jp,lang_kr,lang_ar,lang_it,lang_pt,lang_se,lang_nl,lang_sk,lang_hi,lang_other,pop_us,pop_uk,pop_cn,pop_de,pop_jp,pop_br,pop_other,data_socialmedia,data_twitter,data_youtube,data_reddit,data_facebook,data_weibo,data_survey,data_anes,data_atp,data_gss,data_wvs,data_gles,data_qual,data_reviews,data_other
1,"Adesina, Mayowa Timothy; Howe, Luke",Social media (YouTube) political sentiment multi-label analysis,2024,Journal Article,1,0,0,1,0,0,0,0,0,0,0,0,0,0,0,1,0,0,0,1,0,0,0,0,0,0,1,0,0,0,0,0,0,0,0,0,0,0,0,0,0,1,0,0,1,0,0,0,0,0,0,0,0,0,0,0,0,0,0,1,0,0,0,0,0,0,1,0,1,0,0,0,0,0,0,0,0,0,0,0,0
2,"Adhikari, Divya Mani; Cannanure, Vikram Kamath; Hartland, Alexander; Weber, Ingmar",Exploring LLMs for Automated Pre-Testing of Cross-Cultural Surveys,2025,Preprint,0,1,0,0,0,1,1,0,0,0,0,0,0,0,0,0,0,0,0,1,0,0,0,0,0,0,1,0,0,0,0,0,0,0,0,0,0,0,0,0,0,1,0,0,1,0,0,0,0,0,0,0,0,0,0,0,0,0,0,0,0,0,0,0,0,1,0,0,0,0,0,0,1,0,0,0,0,0,0,0,0
4,"Aleksandric, Ana; Anderson, Henry Isaac; Dangal, Anisha; Wilson, Gabriela Mustata; Nilizadeh, Shirin",Analyzing the Stance of Facebook Posts on Abortion Considering State-Level Health and Social Compositions,2024,Conference Paper,1,0,0,1,0,0,0,0,0,0,0,0,0,0,0,1,0,0,0,1,0,0,0,0,1,1,0,0,0,0,0,0,1,0,0,0,0,0,0,0,0,0,0,1,1,0,0,0,0,0,0,0,0,0,0,0,0,0,0,1,0,0,0,0,0,0,1,0,0,0,1,0,0,0,0,0,0,0,0,0,0
5,"Alkhalil, Bandar F.; Yu, Zhuang; Mursi, Khalid T.; Aseeri, Ahmad O.",Uncovering the Key Factors of Consumer Trust in E-Commerce: A Comprehensive Study of Review-Based Factor Extraction Using GPT-Based Model,2024,Conference Paper,1,0,0,1,0,0,0,0,0,0,0,0,0,0,0,1,0,0,0,0,0,0,1,0,0,0,1,0,0,0,0,0,0,0,0,0,0,0,0,0,0,1,0,0,1,0,0,0,0,0,0,0,0,0,0,0,0,0,0,0,0,0,0,0,0,1,0,0,0,0,0,0,0,0,0,0,0,0,0,1,0
6,"AlKhamissi, Badr; ElNokrashy, Muhammad; AlKhamissi, Mai; Diab, Mona",Investigating Cultural Alignment of Large Language Models,2024,Preprint,0,0,1,0,0,0,0,0,0,0,0,1,1,0,0,0,0,0,0,1,0,0,0,0,1,0,1,1,0,0,0,0,0,0,0,0,0,0,0,0,1,1,0,1,1,0,0,0,0,0,0,1,0,0,0,0,0,0,0,1,0,0,0,0,0,1,0,0,0,0,0,0,1,0,0,0,1,0,0,0,0
7,"Allamong, Maxwell B.; Jeong, Jongwoo; Kellstedt, Paul M.",Spelling correction with large language models to reduce measurement error in open-ended survey responses,2025,Journal Article,1,0,0,1,0,0,0,0,0,0,0,0,0,1,0,0,0,0,0,1,0,0,0,0,0,0,1,0,0,0,0,0,0,0,0,0,0,0,0,0,0,1,0,0,1,0,0,0,0,0,0,0,0,0,0,0,0,0,0,1,0,0,0,0,0,0,0,0,0,0,0,0,1,1,0,0,0,0,1,0,0
8,"Alsalem, Alyaa Yahya; Abudalfa, Shadi Ibrahim",Empirical Analysis for Arabic Target-Dependent Sentiment Classification Using LLMs,2024,Conference Paper,1,0,0,1,0,0,0,0,0,0,0,0,0,0,0,1,0,0,0,0,0,0,0,NA,1,1,1,0,0,0,0,0,0,0,0,0,0,0,0,0,0,1,1,1,0,0,0,0,0,0,0,1,0,0,0,0,0,0,0,0,0,0,0,0,0,1,1,1,0,0,0,0,0,0,0,0,0,0,0,0,0
9,"Argyle, Lisa P.; Busby, Ethan C.; Fulda, Nancy; Gubler, Joshua R.; Rytting, Christopher; Wingate, David","Out of One, Many: Using Language Models to Simulate Human Samples",2023,Journal Article,1,0,1,0,0,0,0,0,0,0,0,1,1,0,0,0,0,0,0,1,0,0,0,0,0,0,1,0,0,0,0,0,0,0,0,0,0,0,0,0,0,1,0,0,1,0,0,0,0,0,0,0,0,0,0,0,0,0,0,1,0,0,0,0,0,0,0,0,0,0,0,0,1,1,0,0,0,0,0,0,1
10,"Arnold, Michael V.; Dodds, Peter Sheridan; Danforth, Christopher M.",Curating corpora with classifiers: A case study of clean energy sentiment online,2023,Preprint,0,0,0,1,0,0,0,0,0,0,0,0,0,0,0,1,0,0,0,0,0,0,0,NA,1,1,0,0,0,0,0,0,0,0,0,0,0,0,0,1,1,0,0,1,1,0,0,0,0,0,0,0,0,0,0,0,0,0,0,1,0,0,0,0,0,0,1,1,0,0,0,0,0,0,0,0,0,0,0,0,0
11,"Ashwin, Julian; Chhabra, Aditya; Rao, Vijayendra",Using Large Language Models for Qualitative Analysis can Introduce Serious Bias,2023,Preprint,0,0,0,1,0,0,0,0,0,0,0,0,0,0,0,1,0,0,0,0,0,0,0,NA,1,0,1,1,0,0,0,0,0,0,0,0,0,0,0,0,0,0,1,1,1,0,0,0,0,0,0,0,0,0,0,0,0,0,0,0,0,0,0,0,0,1,0,0,0,0,0,0,0,0,0,0,0,0,1,0,0
12,"Barends, A. J.; Vries, Reinout E. de",Developing and Improving Personality Inventories Using Generative Artificial Intelligence: The Psychometric Properties of a Short HEXACO Scale Developed Using ChatGPT 4.0.,2024,Journal Article,1,1,0,0,0,1,0,0,0,0,0,0,0,0,0,0,0,0,0,0,1,0,0,0,0,0,1,0,0,0,0,0,0,0,0,0,0,0,0,0,0,1,0,0,1,0,0,0,0,0,0,0,0,0,0,1,0,0,0,0,0,0,0,0,0,1,0,0,0,0,0,0,1,0,0,0,0,0,0,0,0
13,"Bayazed, Afnan A.; Almagrabi, Hana; Alahmadi, D.; Alghamdi, H.","ACOM: Arabic Comparative Opinion Mining in Social Media Utilizing Word Embedding, Deep Learning Model, & LLM-GPT",2024,Journal Article,1,0,0,1,0,0,0,0,0,0,0,0,0,0,0,1,0,0,0,0,0,0,1,0,1,1,1,0,0,0,0,0,0,0,0,0,0,0,0,0,0,1,1,0,0,0,0,0,0,0,0,1,0,0,0,0,0,0,0,0,0,0,0,0,0,1,1,1,0,0,0,0,0,0,0,0,0,0,0,0,0
14,"Bedemariam, Rewina; Perez, Natalie; Bhaduri, Sreyoshi; Kapoor, Satya; Gil, Alex; Conjar, Elizabeth; Itoku, Ikkei; Theil, David; Chadha, Aman; Nayyar, Naumaan",Potential and Perils of Large Language Models as Judges of Unstructured Textual Data,2025,Preprint,0,0,0,1,0,0,0,0,0,0,0,0,0,0,0,1,0,0,0,0,0,0,0,NA,1,0,0,1,1,0,0,0,0,0,0,0,0,0,0,0,1,1,0,0,1,0,0,0,0,0,0,0,0,0,0,0,0,0,0,NA,NA,NA,NA,NA,NA,NA,0,0,0,0,0,0,0,0,0,0,0,0,1,0,0
15,"Bisbee, James; Clinton, Joshua D.; Dorff, Cassy; Kenkel, Brenton; Larson, Jennifer M.",Synthetic Replacements for Human Survey Data? The Perils of Large Language Models,2024,Journal Article,1,0,1,0,0,0,0,0,0,0,0,1,1,0,0,0,0,0,0,1,0,0,0,0,0,0,1,0,0,0,0,0,0,0,0,0,0,0,0,0,0,1,0,0,1,0,0,0,0,0,0,0,0,0,0,0,0,0,0,1,0,0,0,0,0,0,0,0,0,0,0,0,1,1,0,0,0,0,0,0,0
16,"Bradshaw, Caleb; Miller, Caelen; Warnick, Sean","LLM Generated Distribution-Based Prediction of US Electoral Results, Part I",2024,Preprint,0,0,1,0,0,0,0,0,0,0,0,1,0,0,0,0,0,0,0,1,0,0,0,0,0,0,0,1,0,0,0,0,0,0,0,0,0,0,0,0,0,1,0,0,1,0,0,0,0,0,0,0,0,0,0,0,0,0,0,1,0,0,0,0,0,0,0,0,0,0,0,0,0,0,0,0,0,0,0,0,1
166,"Brand, James; Israeli, Ayelet; Ngwe, Donald",Using GPT for Market Research,2023,Preprint,0,0,1,0,0,0,0,0,0,0,0,1,0,0,0,0,0,0,0,0,0,0,1,0,0,0,1,0,0,0,0,0,0,0,0,0,0,0,0,0,0,1,0,1,1,0,0,0,0,0,0,0,0,0,0,0,0,0,0,1,0,0,0,0,0,0,0,0,0,0,0,0,1,0,0,0,0,0,0,0,0
17,"Burstein, Roy; Mafuta, Eric; Proctor, Joshua L.",LLMs for analyzing open text in global health surveys: why children are not accessing vaccine services in DRC,2024,Preprint,0,0,0,1,0,0,0,0,0,0,0,0,0,0,0,1,0,0,0,0,0,0,0,NA,0,0,1,0,0,0,0,0,0,0,0,0,0,0,0,0,0,1,1,1,1,0,0,0,1,0,0,0,0,0,0,0,0,0,0,0,0,0,0,0,0,1,0,0,0,0,0,0,0,0,0,0,0,0,1,0,0
18,"Cao, Xubo; Kosinski, Michal",Large language models and humans converge in judging public figures’ personalities,2024,Journal Article,1,0,1,0,0,0,0,0,0,0,0,1,1,0,0,0,0,0,0,1,0,0,0,0,0,0,1,0,0,0,0,0,0,0,0,0,0,0,0,0,0,1,0,0,1,0,0,0,0,0,0,0,0,0,0,0,0,0,0,0,0,0,0,0,0,1,0,0,0,0,0,0,1,0,0,0,0,0,0,0,0
19,"Cerina, Roberto; Duch, Raymond",Artificially Intelligent Opinion Polling,2023,Preprint,0,0,0,1,0,0,0,0,0,0,0,0,0,0,0,1,1,0,0,1,0,0,0,0,0,0,1,0,0,0,0,0,0,0,0,0,0,0,0,0,0,1,0,0,1,0,0,1,0,0,0,0,0,0,0,0,0,0,0,1,0,0,0,0,0,0,1,1,0,0,0,0,1,1,0,0,0,0,0,0,0
21,"Cho, Suhyun; Kim, Jaeyun; Kim, Jangil",LLM-Based Doppelgänger Models: Leveraging Synthetic Data for Human-Like Responses in Survey Simulations,2024,Journal Article,1,0,1,0,0,0,0,0,0,0,0,1,1,0,0,0,0,0,0,1,0,1,0,1,0,0,0,1,0,0,0,0,0,0,0,0,0,0,0,0,0,0,0,1,0,0,0,0,0,0,1,0,0,0,0,0,0,0,0,0,0,0,0,0,0,1,0,0,0,0,0,0,1,0,0,0,0,0,0,0,1
22,"Chopra, Felix; Haaland, Ingar",Conducting Qualitative Interviews with AI,2023,Preprint,0,0,1,1,0,0,0,0,0,0,1,0,0,0,0,1,0,0,0,0,0,0,0,1,0,0,1,0,0,0,0,0,0,0,0,0,0,0,0,0,0,NA,NA,NA,1,0,0,0,0,0,0,0,0,0,0,0,0,0,0,1,0,0,0,0,0,0,0,0,0,0,0,0,0,0,0,0,0,0,1,0,0
25,"Chu, Minh Duc; He, Zihao; Dorn, Rebecca; Lerman, Kristina",Large Language Models Help Reveal Unhealthy Diet and Body Concerns in Online Eating Disorders Communities,2024,Preprint,0,0,1,1,0,0,0,0,0,0,0,1,0,0,0,1,0,0,0,0,1,0,0,0,1,1,1,1,0,0,0,0,0,0,0,0,0,0,0,0,0,1,0,1,1,0,0,0,0,0,0,0,0,0,0,0,0,0,0,0,0,0,0,0,0,1,1,1,0,0,0,0,0,0,0,0,0,0,0,0,0
26,"Cruickshank, Iain J.; Soofi, Amir; Ng, Lynnette Hui Xian",DIVERSE: A Dataset of YouTube Video Comment Stances with a Data Programming Model,2024,Conference Paper,1,0,0,1,0,0,0,0,0,0,0,0,0,0,0,1,0,0,0,0,0,0,0,NA,1,1,0,1,0,1,0,0,0,0,0,0,0,0,0,0,1,1,0,1,1,0,0,0,0,0,0,0,0,0,0,0,0,0,0,1,0,0,0,0,0,0,1,0,0,0,0,0,0,0,0,0,0,0,0,0,0
27,"Cuevas, Alejandro; Brown, Eva M.; Scurrell, Jennifer V.; Entenmann, Jason; Daepp, Madeleine I. G.",Automated Interviewer or Augmented Survey? Collecting Social Data with Large Language Models,2023,Preprint,0,0,1,0,0,0,0,0,0,0,1,0,0,0,0,0,0,0,0,0,0,0,0,1,1,0,1,0,0,0,0,0,0,0,0,0,0,0,0,0,0,1,1,0,1,0,0,0,0,0,0,0,0,0,0,0,0,0,0,1,0,0,0,0,0,0,0,0,0,0,0,0,1,0,0,0,0,0,0,0,0
28,"Cui, Chenwei; Abdalla, Amro; Wijaya, Derry; Solberg, Scott; Bargal, Sarah Adel",Large Language Models for Career Readiness Prediction,2024,Conference Paper,1,0,0,1,0,0,0,0,0,0,0,0,0,0,0,1,0,0,0,0,0,1,0,0,1,1,1,0,0,0,0,0,0,0,0,0,0,0,0,0,0,1,1,1,1,0,0,0,0,0,0,0,0,0,0,0,0,0,0,1,0,0,0,0,0,1,0,0,0,0,0,0,1,0,0,0,0,0,1,0,0
29,"Dam, Thi Thien Nhi; Glomann, Leo",Evaluating AI-generated Research Plans: Expert Insights from a Blind Authorship Study,2025,Conference Paper,0,1,0,0,1,1,0,0,1,0,0,0,0,0,0,0,0,0,0,0,0,0,1,0,1,0,1,0,0,0,1,0,0,0,0,0,0,0,0,0,0,NA,NA,NA,1,0,0,0,0,0,0,0,0,0,0,0,0,0,0,0,0,0,0,0,0,1,0,0,0,0,0,0,0,0,0,0,0,0,0,0,0
30,"Dengel, Andreas; Gehrlein, Rupert; Fernes, David; Görlich, Sebastian; Maurer, Jonas; Pham, Hai Hoang; Großmann, Gabriel; Eisermann, Niklas Dietrich genannt",Qualitative Research Methods for Large Language Models: Conducting Semi-Structured Interviews with ChatGPT and BARD on Computer Science Education,2023,Journal Article,1,0,1,0,0,0,0,0,0,0,0,1,0,0,0,0,0,0,0,0,0,1,0,0,1,0,1,0,0,0,0,0,0,0,0,0,1,0,0,0,0,NA,NA,NA,1,1,0,0,0,0,0,0,0,0,0,0,0,0,0,0,0,0,0,0,0,1,0,0,0,0,0,0,0,0,0,0,0,0,1,0,0
32,"Ding, Xiuhao; Gopannagari, Meghana; Sun, Kang; Tao, Alan; Zhao, Delu; Varadhan, Sujit; Hardy, Bobbi; Dalpiaz, David; Vogiatzis, Chrysafis; Angrave, Lawrence; Liu, H.",Evaluation of LLMs and Other Machine Learning Methods in the Analysis of Qualitative Survey Responses for Accessible Engineering Education Research,2024,Conference Paper,1,0,0,1,0,0,0,0,0,0,0,0,0,0,0,1,0,0,0,0,0,1,0,0,1,1,0,1,0,0,0,0,0,0,0,0,0,0,0,0,0,1,0,0,1,0,0,0,0,0,0,0,0,0,0,0,0,0,0,1,0,0,0,0,0,0,0,0,0,0,0,0,0,0,0,0,0,0,1,0,0
34,"Eger, Ludvík",Questionnaire Design Using Generative AI: A Case Study from Marketing,2024,Journal Article,1,1,0,0,0,1,0,0,0,0,0,0,0,0,0,0,0,0,0,0,0,1,1,0,1,0,1,0,0,0,1,0,0,0,0,0,0,0,0,0,0,1,0,0,1,0,0,0,0,0,0,0,0,0,0,0,0,0,1,0,0,0,0,0,0,1,0,0,0,0,0,0,1,0,0,0,0,0,0,0,0
35,"Egetenmeier, Armin; Strickroth, Sven","Scalable Two-Minute Feedback: Digital, Lecture-Accompanying Survey as a Continuous Feedback Instrument",2024,Journal Article,1,0,0,1,0,0,0,0,0,0,0,0,0,0,1,0,0,0,0,0,0,1,0,0,0,0,1,0,0,0,0,0,0,0,0,0,0,0,0,0,0,NA,NA,NA,0,1,0,0,0,0,0,0,0,0,0,0,0,0,0,0,0,0,1,0,0,0,0,0,0,0,0,0,0,0,0,0,0,0,1,0,0
36,"Ehrett, Carl; Hegde, Sudeep; Andre, Kwame; Liu, Dixizi; Wilson, Timothy",Leveraging Open-Source Large Language Models for Data Augmentation in Hospital Staff Surveys: Mixed Methods Study,2023,Journal Article,1,0,1,1,0,0,0,0,0,0,0,1,0,0,0,1,0,0,0,0,0,0,0,NA,1,1,0,1,0,0,0,0,1,1,0,0,0,0,0,0,0,0,1,1,1,0,0,0,0,0,0,0,0,0,0,0,0,0,0,0,0,0,0,0,0,1,0,0,0,0,0,0,1,0,0,0,0,0,1,0,0
37,"Espinosa, Laura; Salathé, Marcel",Use of large language models as a scalable approach to understanding public health discourse,2024,Journal Article,1,0,0,1,0,0,0,0,0,0,0,0,0,0,0,1,0,0,0,1,0,0,0,0,1,0,1,1,0,0,0,1,0,0,0,0,0,0,0,0,0,1,1,0,1,0,0,0,0,0,0,0,0,0,0,0,0,0,0,0,0,0,0,0,0,1,1,1,0,0,0,0,0,0,0,0,0,0,0,0,0
38,"Faria, Fatema Tuj Johora; Moin, Mukaffi Bin; Mumu, Rabeya Islam; Abir, Md Mahabubul Alam; Alfy, Abrar Nawar; Alam, Mohammad Shafiul",Motamot: A Dataset for Revealing the Supremacy of Large Language Models Over Transformer Models in Bengali Political Sentiment Analysis,2024,Preprint,1,0,0,1,0,0,0,0,0,0,0,0,0,0,0,1,0,0,0,1,0,0,0,0,1,1,1,0,0,0,1,0,0,0,0,0,0,0,0,0,0,1,1,0,1,0,0,0,0,0,0,0,0,0,0,0,0,0,1,0,0,0,0,0,0,1,0,0,0,0,0,0,0,0,0,0,0,0,1,0,1
39,"Feldman, Philip; Dant, Aaron; Foulds, James R.; Pan, Shemei",Polling Latent Opinions: A Method for Computational Sociolinguistics Using Transformer Language Models,2022,Preprint,0,0,1,0,0,0,0,0,0,0,0,1,1,0,0,0,0,0,0,0,0,0,1,0,0,0,1,0,0,0,0,0,0,0,0,0,0,0,0,0,0,1,0,1,1,0,0,0,0,0,0,0,0,0,0,0,0,0,0,0,0,0,0,0,0,1,0,0,0,0,0,0,0,0,0,0,0,0,0,1,0
40,"Feldman, Philip; Tiwari, Sim; Cheah, Charissa S L; Foulds, James R; Pan, Shimei",Analyzing COVID-19 Tweets with Transformer-based Language Models,2021,Conference Paper,1,0,1,0,0,0,0,0,0,0,0,1,0,0,0,0,0,0,0,1,0,0,0,0,0,0,1,0,0,0,0,0,0,0,0,0,0,0,0,0,0,0,0,1,1,0,0,0,0,0,0,0,0,0,0,0,0,0,0,1,0,0,0,0,0,0,1,1,0,0,0,0,0,0,0,0,0,0,0,0,0
41,"Fernandez, Juan Jose Iguaran; Perez, Juan Manuel; Rosati, German",Identification of emotions on Twitter during the 2022 electoral process in Colombia,2024,Preprint,0,0,0,1,0,0,0,0,0,0,0,0,0,0,0,1,0,0,0,1,0,0,0,0,1,1,1,0,0,0,0,0,0,0,0,0,0,0,0,0,0,0,1,1,0,0,0,1,0,0,0,0,0,0,0,0,0,0,0,0,0,0,0,0,0,1,1,1,0,0,0,0,0,0,0,0,0,0,0,0,0
42,"Ferreira, Gregorio; Amidei, Jacopo; Nieto, Rubén; Kaltenbrunner, Andreas",Matching GPT-simulated populations with real ones in psychological studies - the case of the EPQR-A personality test,2025,Conference Paper,1,0,1,0,0,0,0,0,0,0,0,1,1,0,0,0,0,0,0,0,1,0,0,0,1,0,1,0,0,0,0,0,0,0,0,0,0,0,0,0,0,1,0,0,1,0,0,1,0,0,0,0,0,0,0,0,1,0,0,0,0,0,0,0,0,1,0,0,0,0,0,0,1,0,0,0,0,0,0,0,0
43,"Fish, Sara; Gölz, Paul; Procaccia, Ariel D.; Rusak, Gili; Shapira, Itai; Wüthrich, Manuel",Generative Social Choice: OpenAI “Democratic Inputs to AI” Report,2024,Report,0,0,0,1,0,0,0,0,0,0,0,0,0,0,1,0,0,0,0,1,0,0,1,0,0,0,1,0,0,0,0,0,0,0,0,0,0,0,0,0,0,0,1,0,1,0,0,0,0,0,0,0,0,0,0,0,0,0,0,1,0,0,0,0,0,0,0,0,0,0,0,0,0,0,0,0,0,0,1,0,0
44,"Fostier, Jelle; Leemans, Elena; Meeussen, Lien; Wulleman, Alix; Doren, Shauni Van; Coninck, D. De; Toelen, Jaan","Dialogues with AI: Comparing ChatGPT, Bard, and Human Participants’ Responses in In-Depth Interviews on Adolescent Health Care",2024,Journal Article,1,0,1,0,0,0,0,0,0,0,0,1,1,0,0,0,0,0,0,0,0,0,0,NA,1,0,1,0,0,0,0,0,0,0,0,0,1,0,0,0,0,1,0,0,0,0,0,0,0,0,0,0,0,0,0,1,0,0,0,0,0,0,0,0,0,1,0,0,0,0,0,0,0,0,0,0,0,0,1,0,0
45,"Fukuma, Tomoki; Noda, Koki; Hoso, Toshihide Ubukata Kousuke; Ichikawa, Yoshiharu; Kambe, Kyosuke; Masubuch, Yu; Toriumi, Fujio",QANA: LLM-based Question Generation and Network Analysis for Zero-shot Key Point Analysis and Beyond,2024,Preprint,0,0,0,1,0,0,0,0,0,0,0,0,0,0,0,1,0,0,0,1,0,0,0,0,1,0,1,0,0,0,0,0,1,0,0,0,0,0,0,1,1,1,0,0,1,0,0,0,0,0,0,0,0,0,0,0,0,0,0,NA,NA,NA,NA,NA,NA,NA,0,0,0,0,0,0,0,0,0,0,0,0,0,0,0
46,"Gatto, Joseph; Basak, Madhusudan; Srivastava, Yash; Bohlman, Philip; Preum, Sarah M.",Scope of Large Language Models for Mining Emerging Opinions in Online Health Discourse,2024,Preprint,0,0,0,1,0,0,0,0,0,0,0,0,0,0,0,1,0,0,0,0,0,0,0,NA,1,1,1,1,0,0,0,0,0,0,0,0,0,0,0,0,0,1,1,0,1,0,0,0,0,0,0,0,0,0,0,0,0,0,0,0,0,0,0,0,0,1,1,0,0,1,0,0,0,0,0,0,0,0,0,0,0
48,"Gilardi, Fabrizio; Alizadeh, Meysam; Kubli, Maël",ChatGPT Outperforms Crowd-Workers for Text-Annotation Tasks,2023,Journal Article,1,0,0,1,0,0,0,0,0,0,0,0,0,0,0,1,0,0,0,1,0,0,0,0,0,0,1,0,0,0,0,0,0,0,0,0,0,0,0,0,0,1,0,0,1,0,0,0,0,0,0,0,0,0,0,0,0,0,0,1,0,0,0,0,0,1,1,1,0,0,0,0,0,0,0,0,0,0,0,0,1
49,"Gmyrek, Pawel; Ruales, Poleth Vega",A new chapter for the ILO’s textual assets: applying generative AI to labour force survey questionnaires,2024,Report,0,1,0,1,0,1,0,0,0,0,0,0,0,0,0,1,0,1,0,0,0,0,0,NA,0,0,1,0,0,0,0,0,0,0,0,0,0,0,0,0,0,1,0,0,1,0,0,0,0,0,0,0,0,0,0,0,0,0,0,0,0,0,0,0,0,1,0,0,0,0,0,0,1,0,0,0,0,0,0,0,0
51,"Götz, Friedrich M.; Maertens, Rakoen; Loomba, Sahil; Van Der Linden, Sander",Let the algorithm speak: How to use neural networks for automatic item generation in psychological scale development.,2023,Journal Article,1,1,0,0,0,1,0,0,0,0,0,0,0,0,0,0,0,0,0,0,1,0,0,0,0,0,1,0,0,0,0,0,0,0,0,0,0,0,0,0,0,0,0,1,1,0,0,0,0,0,0,0,0,0,0,0,0,0,0,0,0,0,0,0,0,1,0,0,0,0,0,0,1,0,0,0,0,0,0,0,0
52,"Gudiño-Rosero, Jairo; Grandi, Umberto; Hidalgo, César A.",Large Language Models (LLMs) as Agents for Augmented Democracy,2024,Journal Article,1,0,1,0,0,0,0,0,0,0,0,1,1,0,0,0,0,0,0,1,0,0,0,0,1,0,1,1,0,1,0,0,0,0,0,1,0,0,0,0,1,0,0,1,1,0,0,0,0,0,0,0,0,1,0,0,0,0,0,0,0,0,0,0,1,0,0,0,0,0,0,0,1,0,0,0,0,0,0,0,0
53,"Gujral, Pratik; Awaldhi, Kshitij; Jain, Navya; Bhandula, Bhavuk; Chakraborty, Abhijnan",Can LLMs Help Predict Elections? (Counter)Evidence from the World's Largest Democracy,2024,Preprint,0,0,0,1,0,0,0,0,0,0,0,0,0,0,0,1,0,0,0,1,0,0,0,0,1,0,0,1,0,0,0,0,0,0,0,0,0,0,0,0,1,1,0,0,1,0,0,0,0,0,0,0,0,0,0,0,0,1,1,0,0,0,0,0,0,1,1,1,0,0,0,0,0,0,0,0,0,0,0,0,0
55,"Hernandez, Ivan; Nie, Weiwen",The AI‐IP: Minimizing the guesswork of personality scale item development through artificial intelligence,2022,Journal Article,1,1,0,0,0,1,0,0,0,0,0,0,0,0,0,0,0,0,0,0,1,0,0,0,1,1,1,0,0,0,0,0,0,0,0,0,0,0,0,0,0,0,0,1,1,0,0,0,0,0,0,0,0,0,0,0,0,0,0,NA,NA,NA,NA,NA,NA,NA,0,0,0,0,0,0,1,0,0,0,0,0,0,0,0
56,"Hobbs, William; Green, Jon",Categorizing Topics Versus Inferring Attitudes: A Theory and Method for Analyzing Open-ended Survey Responses,2025,Journal Article,1,0,0,1,0,0,0,0,0,0,0,0,0,0,0,1,0,0,0,1,0,0,0,0,1,0,1,0,0,0,0,0,0,0,0,0,0,1,0,0,0,1,0,1,1,0,0,0,0,0,0,0,0,0,0,0,0,0,0,1,0,0,0,0,0,0,0,0,0,0,0,0,1,1,0,0,0,0,1,0,0
57,"Holtdirk, Tobias; Assenmacher, Dennis; Bleier, Arnim; Wagner, Claudia",Fine-Tuning Large Language Models to Simulate German Voting Behaviour (Working Paper),2024,Preprint,0,0,0,1,0,0,0,0,0,0,0,0,1,0,0,0,1,0,0,1,0,0,0,0,0,0,0,1,0,0,0,0,0,0,0,0,0,0,0,0,0,1,0,1,0,1,0,0,0,0,0,0,0,0,0,0,0,0,0,0,0,0,1,0,0,0,0,0,0,0,0,0,1,0,0,0,0,1,0,0,0
59,"Hu, Jerry Chongyi; Modi, Mohammed Shahid; Szymanski, Boleslaw K.",Using LLMs to Infer Non-Binary COVID-19 Sentiments of Chinese Micro-bloggers,2025,Preprint,0,0,0,1,0,0,0,0,0,0,0,0,0,0,0,1,0,0,0,1,0,0,0,0,0,0,0,1,0,0,0,0,0,0,0,0,0,0,0,0,0,0,1,0,0,0,1,0,0,0,0,0,0,0,0,0,0,0,0,0,0,1,0,0,0,0,1,0,0,0,0,1,0,0,0,0,0,0,0,0,0
60,"Hwang, EunJeong; Majumder, Bodhisattwa Prasad; Tandon, Niket",Aligning Language Models to User Opinions,2023,Conference Paper,1,0,1,0,0,0,0,0,0,0,0,1,1,0,0,0,0,0,0,1,0,0,0,0,1,0,1,1,0,0,0,0,0,0,0,0,0,0,0,0,1,1,0,0,1,0,0,0,0,0,0,0,0,0,0,0,0,0,0,1,0,0,0,0,0,0,0,0,0,0,0,0,1,0,0,0,0,0,0,0,0
61,"Ibrahim, Hazem; Khan, Farhan; Alabdouli, Hend; Almatrooshi, Maryam; Nguyen, Tran; Rahwan, Talal; Zaki, Yasir",Analyzing political stances on Twitter in the lead-up to the 2024 U.S. election,2024,Preprint,0,0,0,1,0,0,0,0,0,0,0,0,0,0,0,1,0,0,0,1,0,0,0,0,1,0,1,0,1,0,1,0,0,0,0,0,0,0,0,0,0,1,0,0,NA,NA,NA,NA,NA,NA,NA,NA,NA,NA,NA,NA,NA,NA,NA,1,0,0,0,0,0,0,1,1,0,0,0,0,0,0,0,0,0,0,0,0,0
63,"Ji, Junyung; Kim, Jiwoo; Kim, Younghoon",Predicting Missing Values in Survey Data Using Prompt Engineering for Addressing Item Non-Response,2024,Journal Article,1,0,0,1,0,0,0,0,0,0,0,0,0,0,0,0,1,0,0,0,0,0,0,NA,1,0,1,1,0,0,0,0,0,0,0,0,0,0,0,0,0,0,1,0,1,0,0,0,0,0,0,0,0,0,0,0,0,0,0,1,0,0,0,0,0,0,0,0,0,0,0,0,1,0,1,0,0,0,0,0,0
64,"Jiang, Shapeng; Wei, Lijia; Zhang, Chen",Donald Trumps in the Virtual Polls: Simulating and Predicting Public Opinions in Surveys Using Large Language Models,2024,Preprint,0,0,1,0,0,0,0,0,0,0,0,1,1,0,0,0,0,0,0,1,0,0,0,0,0,0,1,0,0,0,0,0,0,0,0,0,0,0,0,0,0,0,0,1,1,0,0,0,0,0,0,0,0,0,0,0,0,0,0,1,0,1,0,0,0,0,0,0,0,0,0,0,1,1,0,0,1,0,0,0,0
65,"Jung, Soon-Gyo; Salminen, Joni; Aldous, Kholoud Khalil; Jansen, Bernard J.",PersonaCraft: Leveraging language models for data-driven persona development,2025,Journal Article,1,0,0,1,0,0,0,0,0,0,0,0,0,0,1,0,0,0,0,0,0,0,0,1,1,0,1,0,0,0,0,0,0,0,0,0,0,0,0,0,0,1,0,0,1,0,0,0,0,0,0,0,0,0,0,0,0,0,0,1,0,0,0,0,0,0,0,0,0,0,0,0,1,0,1,0,0,0,0,0,0
66,"Kalinin, K.",Generation of Synthetic Responses to Survey Questions Using GPT-3: A Case of Hard-to-Reach Members of Russian Elites (based on the Survey of Russian Elites),2023,Preprint,0,0,1,0,0,0,0,0,0,0,0,1,0,0,0,0,0,0,0,0,0,0,0,NA,0,0,1,0,0,0,0,0,0,0,0,0,0,0,0,0,0,0,0,1,NA,NA,NA,NA,NA,NA,NA,NA,NA,NA,NA,NA,NA,NA,NA,0,0,0,0,0,0,1,0,0,0,0,0,0,1,0,0,0,0,0,0,0,0
67,"Kalinin, Kirill",Improving GPT Generated Synthetic Samples with Sampling-Permutation Algorithm,2023,Preprint,0,0,1,0,0,0,0,0,0,0,0,1,0,0,0,0,0,0,0,1,0,0,0,0,0,0,1,0,0,0,0,0,0,0,0,0,0,0,0,0,0,0,0,1,NA,NA,NA,NA,NA,NA,NA,NA,NA,NA,NA,NA,NA,NA,NA,0,0,0,0,0,0,1,0,0,0,0,0,0,1,0,0,0,0,0,0,0,0
68,"Kang, Dongjun; Park, Joonsuk; Jo, Yohan; Bak, JinYeong",From Values to Opinions: Predicting Human Behaviors and Stances Using Value-Injected Large Language Models,2023,Conference Paper,1,0,1,0,0,0,0,0,0,0,0,1,1,0,0,0,0,0,0,1,0,0,0,0,1,0,1,1,0,0,0,0,0,0,0,0,0,0,0,0,0,1,1,1,1,0,0,0,0,0,0,0,0,0,0,0,0,0,0,0,0,0,0,0,0,1,0,0,0,0,0,0,1,0,0,0,0,0,0,0,0
70,"Karousos, Nikos; Vorvilas, George; Pantazi, Despoina; Verykios, V.",A Hybrid Text Summarization Technique of Student Open-Ended Responses to Online Educational Surveys,2024,Journal Article,1,0,0,1,0,0,0,0,0,0,0,0,0,0,1,0,0,0,0,0,0,1,0,0,0,0,1,0,0,0,0,0,0,0,0,0,0,0,0,0,0,NA,NA,NA,0,0,0,0,0,0,0,0,0,0,0,0,0,0,1,0,0,0,0,0,0,1,0,0,0,0,0,0,0,0,0,0,0,0,1,0,0
73,"Ke, Ping Fan; Ng, Ka Chung",Human-AI Synergy in Survey Development: Implications from Large Language Models in Business and Research,2024,Conference Paper,1,1,0,0,0,1,0,0,0,0,0,0,0,0,0,0,0,0,0,0,0,0,0,NA,1,0,1,1,1,0,1,1,0,0,0,0,0,0,0,0,1,1,0,0,1,0,0,0,0,0,0,0,0,0,0,0,0,0,0,NA,NA,NA,NA,NA,NA,NA,0,0,0,0,0,0,0,0,0,0,0,0,0,0,0
75,"Kim, Junsol; Lee, Byungkyu",AI-Augmented Surveys: Leveraging Large Language Models and Surveys for Opinion Prediction,2023,Preprint,0,0,0,1,0,0,0,0,0,0,0,0,1,0,0,0,1,0,0,1,0,0,0,0,1,0,0,0,0,0,0,0,0,1,0,0,0,0,0,0,0,0,0,1,1,0,0,0,0,0,0,0,0,0,0,0,0,0,0,1,0,0,0,0,0,0,0,0,0,0,0,0,1,0,0,1,0,0,0,0,0
76,"Kim, Soojong; Kim, Kwanho; Wonjeong Jo, Claire",Accuracy of a large language model in distinguishing anti- and pro-vaccination messages on social media: The case of human papillomavirus vaccination,2024,Journal Article,1,0,0,1,0,0,0,0,0,0,0,0,0,0,0,1,0,0,0,0,0,0,0,NA,0,0,1,0,0,0,0,0,0,0,0,0,0,0,0,0,0,1,0,0,1,0,0,0,0,0,0,0,0,0,0,0,0,0,0,0,0,0,0,0,0,1,1,1,0,0,1,0,0,0,0,0,0,0,0,0,0
77,"Kim, Sunwoong; Jeong, Jongho; Han, Jin Soo; Shin, Donghyuk",LLM-Mirror: A Generated-Persona Approach for Survey Pre-Testing,2024,Preprint,0,1,1,0,0,0,1,0,0,0,0,1,1,0,0,0,0,0,0,0,0,0,1,0,0,0,1,0,0,0,0,0,0,0,0,0,0,0,0,0,0,1,0,0,0,1,0,1,0,0,0,0,0,0,0,0,0,0,0,0,0,0,1,0,0,1,0,0,0,0,0,0,1,0,0,0,0,0,0,0,0
78,"Kim, Young-Ho; Kim, Sungdong; Chang, Minsuk; Lee, Sang-Woo",Leveraging Pre-Trained Language Models to Streamline Natural Language Interaction for Self-Tracking,2022,Preprint,0,0,0,1,0,0,0,0,0,0,0,0,0,1,0,0,0,0,0,0,0,0,0,NA,0,0,1,0,0,0,0,0,0,0,0,0,0,0,0,0,0,1,1,1,NA,NA,NA,NA,NA,NA,NA,NA,NA,NA,NA,NA,NA,NA,NA,NA,NA,NA,NA,NA,NA,NA,0,0,0,0,0,0,0,0,0,0,0,0,0,0,1
79,"Kitadai, Ayato; Ogawa, Kazuhito; Nishino, Nariaki",Examining the Feasibility of Large Language Models as Survey Respondents,2024,Conference Paper,1,0,1,0,0,0,0,0,0,0,0,1,1,0,0,0,0,0,0,0,0,0,0,NA,0,0,1,0,0,0,0,0,0,0,0,0,0,0,0,0,0,1,0,0,1,0,0,0,0,0,0,0,0,0,0,0,0,0,0,0,0,0,0,1,0,0,0,0,0,0,0,0,1,0,0,0,0,0,0,0,0
80,"Koehl, Derek; Vangsness, Lisa",Measuring Latent Trust Patterns in Large Language Models in the Context of Human-AI Teaming,2023,Conference Paper,1,0,0,1,0,0,0,0,0,0,0,0,0,0,0,1,0,0,0,0,0,0,0,NA,1,1,1,0,0,0,0,0,0,0,0,0,0,0,0,0,0,NA,NA,NA,1,0,0,0,0,0,0,0,0,0,0,0,0,0,0,1,0,0,0,0,0,0,0,0,0,0,0,0,0,0,0,0,0,0,1,0,0
83,"Konstantis, Konstantinos; Georgas, Antonios; Faras, Antonis; Georgas, Konstantinos; Tympas, Aristotle",Ethical considerations in working with ChatGPT on a questionnaire about the future of work with ChatGPT,2023,Journal Article,1,1,0,0,0,1,0,0,0,0,0,0,0,0,0,0,0,0,0,0,0,0,0,NA,0,0,1,0,0,0,0,0,0,0,0,0,0,0,0,0,0,1,0,0,1,0,0,0,0,0,0,0,0,0,0,0,0,0,0,0,0,0,0,0,0,1,0,0,0,0,0,0,1,0,0,0,0,0,0,0,0
84,"Kousathana, Eirini; Verberne, Suzan; Wijnholds, G.",Opinionated content summarization with Transformer architectures,2023,Thesis,0,0,0,1,0,0,0,0,0,0,0,0,0,0,1,0,0,0,0,0,0,0,0,NA,1,0,0,0,0,0,0,0,0,0,0,0,0,1,0,0,1,0,1,1,1,0,0,0,0,0,0,0,0,0,0,0,0,0,0,0,0,0,0,0,0,1,0,0,0,0,0,0,0,0,0,0,0,0,1,0,0
85,"Kozlowski, Austin C.; Kwon, Hyunku; Evans, James A.",In Silico Sociology: Forecasting COVID-19 Polarization with Large Language Models,2024,Preprint,0,0,1,1,0,0,0,0,0,0,0,1,0,0,0,1,0,0,0,1,0,0,0,1,0,0,1,0,0,0,0,0,0,0,0,0,0,0,0,0,0,1,0,0,1,0,0,0,0,0,0,0,0,0,0,0,0,0,0,1,0,0,0,0,0,0,0,0,0,0,0,0,0,0,0,0,0,0,1,0,0
87,"Laraspata, Lucrezia; Cardilli, Fabio; Castellano, Giovanna; Vessio, G.",Enhancing Human Capital Management through GPT-driven Questionnaire Generation,2024,Conference Paper,0,1,0,0,0,1,0,0,0,0,0,0,0,0,0,0,0,0,0,0,0,0,0,1,1,0,1,0,0,0,0,0,0,0,0,0,0,0,0,0,0,1,1,0,1,0,0,0,0,0,0,0,0,0,0,0,0,0,0,NA,NA,NA,NA,NA,NA,NA,0,0,0,0,0,0,1,0,0,0,0,0,0,0,0
88,"Larsen, Kai R.; Yan, Sen; Lukyanenko, Roman",Integrating LLMs and Psychometrics: Global Construct Validity,2024,Conference Paper,1,1,0,0,0,1,0,0,0,0,0,0,0,0,0,0,0,0,0,0,0,0,0,NA,1,0,1,0,0,1,0,0,0,0,0,0,0,0,0,0,1,1,1,0,1,0,0,0,0,0,0,0,0,0,0,0,0,0,0,NA,NA,NA,NA,NA,NA,NA,0,0,0,0,0,0,1,0,0,0,0,0,0,0,0
89,"Laverghetta, Antonio; Licato, John",Generating Better Items for Cognitive Assessments Using Large Language Models,2023,Conference Paper,0,1,0,0,0,1,0,0,0,0,0,0,0,0,0,0,0,0,0,0,1,0,0,0,0,0,1,0,0,0,0,0,0,0,0,0,0,0,0,0,0,0,1,0,1,0,0,0,0,0,0,0,0,0,0,0,0,0,0,NA,NA,NA,NA,NA,NA,NA,0,0,0,0,0,0,0,0,0,0,0,0,0,0,0
90,"Lebrun, Benjamin; Temtsin, Sharon; Vonasch, Andrew; Bartneck, Christoph",Detecting The Corruption Of Online Questionnaires By Artificial Intelligence,2023,Journal Article,1,0,1,1,0,0,0,0,0,0,0,1,0,0,0,0,0,0,1,0,0,0,0,NA,1,0,1,0,0,0,0,0,0,0,0,0,0,0,0,0,1,NA,NA,NA,1,0,0,0,0,0,0,0,0,0,0,0,0,0,0,1,0,0,0,0,0,1,0,0,0,0,0,0,1,0,0,0,0,0,1,0,0
91,"Lee, Philseok; Fyffe, Shea; Son, Mina; Jia, Zihao; Yao, Ziyu",A Paradigm Shift from “Human Writing” to “Machine Generation” in Personality Test Development: an Application of State-of-the-Art Natural Language Processing,2023,Journal Article,1,1,0,0,0,1,0,0,0,0,0,0,0,0,0,0,0,0,0,0,1,0,0,0,0,0,1,0,0,0,0,0,0,0,0,0,0,0,0,0,0,0,1,0,1,0,0,0,0,0,0,0,0,0,0,0,0,0,0,NA,NA,NA,NA,NA,NA,NA,0,0,0,0,0,0,1,0,0,0,0,0,0,0,0
92,"Lee, S.; Peng, T. Q.; Goldberg, M. H.; Rosenthal, S. A.; Kotcher, J. E.; Maibach, E. W.; Leiserowitz, A.",Can Large Language Models Capture Public Opinion about Global Warming? An Empirical Assessment of Algorithmic Fidelity and Bias,2024,Journal Article,1,0,1,0,0,0,0,0,0,0,0,1,1,0,0,0,0,0,0,1,0,0,0,0,1,0,1,0,0,0,0,0,0,0,0,0,0,0,0,0,0,1,0,0,1,0,0,0,0,0,0,0,0,0,0,0,0,0,0,1,0,0,0,0,0,0,0,0,0,0,0,0,1,0,0,0,0,0,0,0,0
93,"Leistner, Moritz; Hommel, Björn E.; Wendt, Leon P.; Leising, Daniel",Properties of Person Descriptors in the Natural German Language: A Preregistered Replication and Extension,2024,Preprint,0,0,0,1,0,0,0,0,0,0,0,0,0,0,0,1,0,0,0,0,1,0,0,0,1,0,1,0,0,0,0,0,0,0,0,0,0,0,0,0,1,1,0,1,0,1,0,0,0,0,0,0,0,0,0,0,0,0,0,0,0,0,0,0,0,1,0,0,0,0,0,0,1,0,0,0,0,0,1,0,0
165,"Li, Junyi; Peris, Charith; Mehrabi, Ninareh; Goyal, Palash; Chang, Kai-Wei; Galstyan, Aram; Zemel, Richard; Gupta, Rahul",The steerability of large language models toward data-driven personas,2024,Conference Paper,1,0,1,0,0,0,0,0,0,0,0,1,1,0,0,0,0,0,0,0,0,0,0,NA,1,0,0,0,0,0,0,0,0,0,0,0,0,0,0,0,1,0,0,1,1,0,0,0,0,0,0,0,0,0,0,0,0,0,0,1,0,0,0,0,0,0,0,0,0,0,0,0,1,0,1,0,0,0,0,0,0
94,"Li, Lingyao; Hu, Songhua; Dai, Yinpei; Deng, Min; Momeni, Parisa; Laverghetta, Gabriel; Fan, Lizhou; Ma, Zihui; Wang, Xi; Ma, Siyuan; Ligatti, Jay; Hemphill, Libby",Toward satisfactory public accessibility: A crowdsourcing approach through online reviews to inclusive urban design,2024,Preprint,0,0,0,1,0,0,0,0,0,0,0,0,0,0,0,1,0,0,0,1,0,0,0,0,1,1,0,1,0,0,0,0,0,0,0,0,0,0,0,0,0,0,0,1,1,0,0,0,0,0,0,0,0,0,0,0,0,0,0,1,0,0,0,0,0,0,0,0,0,0,0,0,0,0,0,0,0,0,0,1,1
95,"Li, Rong; Zhao, Lei; Xie, Zhiqiang; Ji, Chunhou; Mo, Jiamin; Yang, Zhibing; Feng, Yuyun",Mining and Analyzing the Evolution of Public Opinion in Extreme Disaster Events from Social Media: A Case Study of the 2022 Yingde Flood in China,2025,Journal Article,1,0,0,1,0,0,0,0,0,0,0,0,0,0,0,1,0,0,0,1,0,0,0,0,0,0,1,0,0,0,0,0,0,0,0,0,0,0,0,0,0,1,0,0,0,0,1,0,0,0,0,0,0,0,0,0,0,0,0,0,0,1,0,0,0,0,1,0,0,0,0,0,0,0,0,0,0,0,0,0,0
96,"Lin, Haocheng",Designing Domain-Specific Large Language Models: The Critical Role of Fine-Tuning in Public Opinion Simulation,2024,Preprint,0,0,1,0,0,0,0,0,0,0,0,1,1,0,0,0,0,0,0,0,0,0,0,NA,1,0,1,0,0,0,0,0,0,0,0,0,0,0,0,0,0,0,0,1,1,0,0,0,0,0,0,0,0,0,0,0,0,0,0,0,1,0,0,0,0,0,0,0,0,0,0,0,1,0,0,0,0,0,0,0,0
97,"Liu, Alex; Sun, Min",From Voices to Validity: Leveraging Large Language Models (LLMs) for Textual Analysis of Policy Stakeholder Interviews,2023,Preprint,0,0,0,1,0,0,0,0,0,0,0,0,0,0,0,1,0,0,0,0,0,1,0,0,0,0,1,0,0,0,0,0,0,0,0,0,0,0,0,0,0,1,0,0,1,0,0,0,0,0,0,0,0,0,0,0,0,0,0,1,0,0,0,0,0,1,0,0,0,0,0,0,0,0,0,0,0,0,1,0,0
98,"Liu, Qin; Yao, Yao; Evans, Greg; Huang, Ruizhe; Jin, Maureen",Machine Intelligence and Human Intelligence: Exploring the Potentials of Machine Learning Based Approaches to Qualitative Survey Data Analysis,2024,Conference Paper,1,0,0,1,0,0,0,0,0,0,0,0,0,0,0,1,0,0,0,0,0,1,0,0,1,1,1,0,0,0,0,0,0,0,0,0,0,0,0,0,0,NA,NA,NA,1,0,0,0,0,0,0,0,0,0,0,0,0,0,0,0,0,0,0,0,0,1,0,0,0,0,0,0,0,0,0,0,0,0,1,0,0
99,"Lupo, R.; Vitale, E.; Panzanaro, Ludovica; Lezzi, A.; Lezzi, Pierluigi; Botti, S.; Rubbi, Ivan; Carvello, M.; Calabrò, A.; Puglia, Alessandra; Conte, L.; Nunzio, G. De",Effects of Long COVID on Psycho-Physical Conditions in the Italian Population: A Statistical and Large Language Model Combined Description,2024,Journal Article,1,0,0,1,0,0,0,0,0,0,0,0,0,0,1,0,0,0,0,0,1,0,0,0,0,0,0,0,0,0,0,0,0,1,0,0,0,0,0,0,0,NA,NA,NA,0,0,0,0,0,0,0,0,1,0,0,0,0,0,0,0,0,0,0,0,0,1,0,0,0,0,0,0,0,0,0,0,0,0,1,0,0
100,"Ma, Bolei; Yoztyurk, Berk; Haensch, Anna-Carolina; Wang, Xinpeng; Herklotz, Markus; Kreuter, Frauke; Plank, Barbara; Assenmacher, Matthias",Algorithmic Fidelity of Large Language Models in Generating Synthetic German Public Opinions: A Case Study,2024,Preprint,0,0,1,0,0,0,0,0,0,0,0,1,1,0,0,0,0,0,0,1,0,0,0,0,1,1,0,1,0,0,0,1,0,0,0,1,0,0,0,0,0,1,0,0,0,1,0,0,0,0,0,0,0,0,0,0,0,0,0,0,0,0,1,0,0,0,0,0,0,0,0,0,1,0,0,0,0,1,1,0,0
101,"Maceda, Lany L.; Llovido, Jennifer L.; Artiaga, Miles Biago; Abisado, Mideth B.",Classifying Sentiments on Social Media Texts: A GPT-4 Preliminary Study,2023,Conference Paper,1,0,0,1,0,0,0,0,0,0,0,0,0,0,0,1,0,0,0,0,0,0,0,NA,1,1,1,0,0,0,0,0,0,0,0,0,0,0,0,0,0,1,1,0,1,0,0,0,0,0,0,0,0,0,0,0,0,0,1,0,0,0,0,0,0,1,1,1,1,0,1,0,0,0,0,0,0,0,0,0,0
102,"Mahmoudi, Ghazaleh; Behkamkia, Babak; Eetemadi, Sauleh",Zero-Shot Stance Detection using Contextual Data Generation with LLMs,2024,Preprint,0,0,1,1,0,0,0,0,0,0,0,1,0,0,0,1,0,0,0,0,0,0,0,NA,1,1,1,0,0,0,0,0,0,0,0,0,0,0,0,0,1,0,1,0,1,0,0,0,0,0,0,0,0,0,0,0,0,0,0,NA,NA,NA,NA,NA,NA,NA,0,0,0,0,0,0,0,0,0,0,0,0,0,0,1
104,"Matsuoka, Riona; Matsumoto, Hiroki; Yoshida, Takahiro; Watanabe, Tomohiro; Kondo, Ryoma; Hisano, Ryohei",Hierarchical Narrative Analysis: Unraveling Perceptions of Generative AI,2024,Preprint,0,0,0,1,0,0,0,0,0,0,0,0,0,0,1,0,0,0,0,1,0,0,0,0,0,0,1,0,0,0,0,0,0,0,0,0,0,0,0,0,0,1,0,0,0,0,0,0,0,1,0,0,0,0,0,0,0,0,0,0,0,0,0,1,0,0,0,0,0,0,0,0,1,0,0,0,0,0,0,0,0
105,"Mellon, Jonathan; Bailey, J.; Scott, Ralph; Breckwoldt, James; Miori, Marta; Schmedeman, Phillip",Do AIs know what the most important issue is? Using language models to code open-text social survey responses at scale,2024,Journal Article,1,0,0,1,0,0,0,0,0,0,0,0,0,0,0,1,0,0,0,1,0,0,0,0,1,1,1,1,1,0,0,0,0,0,0,0,1,0,0,0,0,0,1,0,1,0,0,0,0,0,0,0,0,0,0,0,0,0,0,0,1,0,0,0,0,0,0,0,0,0,0,0,1,0,0,0,0,0,1,0,0
107,"Metheney, Erica Ann; Yehle, Lauren",Exploring the Potential Role of Generative AI in the TRAPD Procedure for Survey Translation,2024,Preprint,0,1,0,0,0,0,0,1,0,0,0,0,0,0,0,0,0,0,0,0,0,0,0,NA,1,0,1,0,0,0,0,0,0,0,0,0,0,0,0,0,0,1,0,0,1,0,1,1,0,0,0,0,0,0,0,0,0,0,0,NA,NA,NA,NA,NA,NA,NA,0,0,0,0,0,0,1,0,0,0,1,0,0,0,0
109,"Niszczota, Paweł; Janczak, Mateusz",Large language models can replicate cross-cultural differences in personality,2023,Preprint,0,0,1,0,0,0,0,0,0,0,0,1,1,0,0,0,0,0,0,0,1,0,0,0,1,0,1,0,0,0,0,0,0,0,0,0,0,0,0,0,0,1,0,0,1,0,0,0,0,0,1,0,0,0,0,0,0,0,0,1,0,0,0,0,0,1,0,0,0,0,0,0,1,0,0,0,0,0,0,0,0
110,"Nuortimo, Kalle",Bigdata-based university reputation measurement. Towards conceptualizing AI-based university reputation score (URS),2023,Journal Article,1,0,0,1,0,0,0,0,0,0,0,0,0,0,0,1,0,0,0,0,0,1,0,0,0,0,1,0,0,0,0,0,0,0,0,0,0,0,0,0,0,NA,NA,NA,0,0,0,0,0,0,0,0,0,0,0,0,0,0,1,0,0,0,0,0,0,1,1,0,0,0,0,0,0,0,0,0,0,0,0,0,0
111,"Nuortimo, Kalle; Harkonen, Janne; Breznik, Kristijan","Global, regional, and local acceptance of solar power",2024,Journal Article,1,0,0,1,0,0,0,0,0,0,0,0,0,0,0,1,0,0,0,1,0,0,0,0,0,0,1,0,0,0,0,0,0,0,0,0,0,0,0,0,0,1,0,0,1,0,0,0,0,0,0,0,0,0,0,0,0,0,0,0,1,0,1,0,0,1,1,0,0,0,0,0,0,0,0,0,0,0,0,0,0
112,"Olivos, Francisco; Liu, Minhui",ChatGPTest: opportunities and cautionary tales of utilizing AI for questionnaire pretesting,2024,Journal Article,1,1,0,0,0,1,0,0,0,0,0,0,0,0,0,0,0,0,0,0,0,0,0,NA,0,0,1,0,0,0,0,0,0,0,0,0,0,0,0,0,0,1,0,0,1,0,0,0,0,0,0,0,0,0,0,0,0,0,0,0,0,0,0,0,0,1,0,0,0,0,0,0,1,0,0,0,0,0,0,0,0
114,"Park, Joon Sung; Zou, Carolyn Q.; Shaw, Aaron; Hill, Benjamin Mako; Cai, Carrie; Morris, Meredith Ringel; Willer, Robb; Liang, Percy; Bernstein, Michael S.","Generative Agent Simulations of 1,000 People",2024,Preprint,0,0,1,0,0,0,0,0,0,0,1,1,1,0,0,0,0,0,0,1,0,0,0,0,0,0,1,0,0,0,0,0,0,0,0,0,0,0,0,0,0,1,0,0,1,0,0,0,0,0,0,0,0,0,0,0,0,0,0,1,0,0,0,0,0,0,0,0,0,0,0,0,1,0,0,1,0,0,1,0,0
116,"Petrov, Nikolay B.; Serapio-García, Gregory; Rentfrow, Jason",Limited Ability of LLMs to Simulate Human Psychological Behaviours: a Psychometric Analysis,2024,Preprint,0,0,1,0,0,0,0,0,0,0,0,1,1,0,0,0,0,0,0,0,1,0,0,0,1,0,1,0,0,0,0,0,0,0,0,0,0,0,0,0,0,1,0,0,1,0,0,0,0,0,0,0,0,0,0,0,0,0,0,0,1,0,0,0,0,0,0,0,0,0,0,0,1,0,0,0,0,0,0,0,0
117,"Porter, Ethan; Velez, Y.",Placebo Selection in Survey Experiments: An Agnostic Approach,2021,Journal Article,1,1,0,0,0,1,0,0,0,0,0,0,0,0,0,0,0,0,0,0,0,0,0,NA,0,0,1,0,0,0,0,0,0,0,0,0,0,0,0,0,0,NA,NA,NA,1,0,0,0,0,0,0,0,0,0,0,0,0,0,0,1,0,0,0,0,0,0,0,0,0,0,0,0,1,0,0,0,0,0,0,0,0
118,"Qi, Weihong; Lyu, Hanjia; Luo, Jiebo",Representation Bias in Political Sample Simulations with Large Language Models,2024,Preprint,0,0,1,0,0,0,0,0,0,0,0,1,1,0,0,0,0,0,0,1,0,0,0,0,0,0,1,0,0,0,0,0,0,0,0,0,0,0,0,0,0,NA,NA,NA,NA,NA,NA,NA,NA,NA,NA,NA,NA,NA,NA,NA,NA,NA,NA,1,0,1,1,0,0,0,0,0,0,0,0,0,1,1,0,0,0,1,0,0,0
119,"Qi, Weihong; Pan, Jinsheng; Lyu, Hanjia; Luo, Jiebo",Excitements and concerns in the post-ChatGPT era: Deciphering public perception of AI through social media analysis,2024,Journal Article,1,0,0,1,0,0,0,0,0,0,0,0,0,0,0,1,0,0,0,0,0,0,0,NA,1,1,1,0,0,0,0,0,0,0,0,0,0,0,0,0,0,1,0,0,NA,NA,NA,NA,NA,NA,NA,NA,NA,NA,NA,NA,NA,NA,NA,0,0,0,0,0,0,1,1,0,0,1,0,0,0,0,0,0,0,0,0,0,0
120,"Qian, Tyreal Yizhou; Yu, Bo; Li, Weizhe; Xu, Chenglong",Esports Debut as a Medal Event at 2023 Asian Games: Exploring Public Perceptions with BERTopic and GPT-4 Topic Fine-Tuning,2024,Preprint,0,0,0,1,0,0,0,0,0,0,0,0,0,0,0,1,0,0,0,0,0,0,0,NA,1,1,1,0,0,0,0,0,0,0,0,0,0,0,0,0,0,1,0,0,NA,NA,NA,NA,NA,NA,NA,NA,NA,NA,NA,NA,NA,NA,NA,0,0,0,0,0,0,1,1,1,0,0,0,0,0,0,0,0,0,0,0,0,0
121,"Qu, Yao; Wang, Jue",Performance and biases of Large Language Models in public opinion simulation,2024,Journal Article,1,0,1,0,0,0,0,0,0,0,0,1,1,0,0,0,0,0,0,1,0,0,0,0,0,0,1,0,0,0,0,0,0,0,0,0,0,0,0,0,0,1,0,0,0,0,0,0,0,1,0,0,0,1,1,0,0,0,0,1,0,0,0,1,1,1,0,0,0,0,0,0,1,0,0,0,1,0,0,0,0
124,"Renda, Alex; Hopkins, Aspen; Carbin, Michael",Can LLMs Generate Random Numbers? Evaluating LLM Sampling in Controlled Domains,2023,Conference Paper,0,1,0,0,0,0,0,0,0,1,0,0,0,0,0,0,0,0,0,0,0,0,0,NA,1,0,0,1,0,0,0,0,0,1,0,0,0,0,0,0,0,1,1,0,1,0,0,0,0,0,0,0,0,0,0,0,0,0,0,NA,NA,NA,NA,NA,NA,NA,0,0,0,0,0,0,1,0,0,0,1,0,0,0,0
125,"Rogers, Richard; Zhang, Xiaoke",The Russia-Ukraine War in Chinese Social Media: LLM Analysis Yields a Bias Toward Neutrality,2024,Journal Article,1,0,0,1,0,0,0,0,0,0,0,0,0,0,0,1,0,0,0,1,0,0,0,0,1,0,1,0,1,0,0,0,0,0,0,0,0,0,0,0,0,1,0,0,0,0,1,0,0,0,0,0,0,0,0,0,0,0,0,0,0,1,0,0,0,0,1,0,0,0,0,1,0,0,0,0,0,0,0,0,0
126,"Rosenberg, Louis; Willcox, Gregg; Schumann, Hans",Conversational Swarm Intelligence (CSI) Enables Rapid Group Insights,2023,Preprint,0,0,1,0,0,0,0,0,0,0,0,1,0,0,0,0,0,0,0,1,0,0,0,0,0,0,1,0,0,0,0,0,0,0,0,0,0,0,0,0,0,1,0,0,NA,NA,NA,NA,NA,NA,NA,NA,NA,NA,NA,NA,NA,NA,NA,1,0,0,0,0,0,0,0,0,0,0,0,0,0,0,0,0,0,0,1,0,0
127,"Rytting, Christopher Michael; Sorensen, Taylor; Argyle, Lisa; Busby, Ethan; Fulda, Nancy; Gubler, Joshua; Wingate, David",Towards Coding Social Science Datasets with Language Models,2023,Preprint,0,0,0,1,0,0,0,0,0,0,0,0,0,0,0,1,0,0,0,1,0,0,0,0,0,0,1,0,0,0,0,0,0,0,0,0,0,0,0,0,0,0,1,0,1,0,0,0,0,0,0,0,0,0,0,0,0,0,0,1,0,0,0,0,0,0,0,0,0,0,0,0,0,0,0,0,0,0,1,0,0
128,"Sanders, Nathan E.; Ulinich, Alex; Schneier, Bruce",Demonstrations of the Potential of AI-based Political Issue Polling,2023,Preprint,0,0,1,0,0,0,0,0,0,0,0,1,1,0,0,0,0,0,0,1,0,0,0,0,0,0,1,0,0,0,0,0,0,0,0,0,0,0,0,0,0,1,0,0,1,0,0,0,0,0,0,0,0,0,0,0,0,0,0,1,0,0,0,0,0,0,0,0,0,0,0,0,0,0,0,0,0,0,0,0,0
129,"Santana-Monagas, Elisa; Ferreira, Paula da Costa; Sima, Ana Margarida Veiga; Nunez, Juan L.","How (de)motivating teaching styles shape message framing outcomes on students' self-efficacy, emotions, and grades",2024,Journal Article,1,0,0,1,0,0,0,0,0,0,0,0,0,0,0,1,0,0,0,0,0,1,0,0,0,0,1,0,0,0,0,0,0,0,0,0,0,0,0,0,0,0,1,0,0,0,0,1,0,0,0,0,0,0,0,0,0,0,0,0,0,0,0,0,0,1,0,0,0,0,0,0,0,0,0,0,0,0,1,0,0
130,"Santurkar, Shibani; Durmus, Esin; Ladhak, Faisal; Lee, Cinoo; Liang, Percy; Hashimoto, Tatsunori",Whose Opinions Do Language Models Reflect?,2023,Conference Paper,1,0,1,0,0,0,0,0,0,0,0,1,0,0,0,0,0,0,0,0,0,0,0,NA,1,0,1,0,0,0,0,0,0,0,0,0,0,0,0,0,1,1,0,0,1,0,0,0,0,0,0,0,0,0,0,0,0,0,0,1,0,0,0,0,0,0,0,0,0,0,0,0,1,0,1,0,0,0,0,0,0
132,"Seltzer, Josh; Pan, Jiahua; Cheng, Kathy; Sun, Yuxiao; Kolagati, Santosh; Lin, Jimmy; Zong, Shi",SmartProbe: A Virtual Moderator for Market Research Surveys,2023,Preprint,0,1,1,0,0,1,0,0,0,0,1,0,0,0,0,0,0,0,0,0,0,0,0,NA,0,0,1,0,0,0,0,0,0,0,0,0,0,0,0,0,0,0,0,1,1,0,0,0,1,0,0,0,0,0,0,0,0,0,0,NA,NA,NA,NA,NA,NA,NA,0,0,0,0,0,0,1,0,0,0,0,0,0,0,0
133,"Shaikh, Sarang; Daudpota, Sher Muhammad; YILDIRIM, Sule YAYILGAN; Sindhu, Sindhu",Exploring the potential of large-language models (LLMs) for student feedback sentiment analysis,2023,Conference Paper,1,0,0,1,0,0,0,0,0,0,0,0,0,0,0,1,0,0,0,0,0,1,0,0,1,1,1,0,0,0,0,0,0,0,0,0,0,0,0,0,0,1,0,0,NA,NA,NA,NA,NA,NA,NA,NA,NA,NA,NA,NA,NA,NA,NA,0,0,0,0,0,0,1,0,0,0,0,0,0,0,0,0,0,0,0,1,0,0
134,"Sharma, Hemlata; Din, Faiz Ud; Ogunleye, Bayode",Electric Vehicle Sentiment Analysis Using Large Language Models,2024,Journal Article,1,0,0,1,0,0,0,0,0,0,0,0,0,0,0,1,0,0,0,1,0,0,0,0,1,1,0,0,0,0,0,0,1,0,0,0,0,0,0,0,0,0,0,1,NA,NA,NA,NA,NA,NA,NA,NA,NA,NA,NA,NA,NA,NA,NA,0,0,0,0,0,0,1,1,0,1,0,0,0,0,0,0,0,0,0,0,0,0
135,"Smolinski, Pawel Robert; Januszewicz, Joseph; Winiarski, Jacek",Scaling Technology Acceptance Analysis with Large Language Model (LLM) Annotation Systems,2024,Preprint,0,0,0,1,0,0,0,0,0,0,0,0,0,0,0,1,0,0,0,0,0,0,0,NA,1,0,1,0,0,0,0,0,0,0,0,0,0,0,0,0,0,1,0,0,1,0,0,0,0,0,0,0,0,0,0,0,0,0,0,NA,NA,NA,NA,NA,NA,NA,1,0,0,0,0,0,0,0,0,0,0,0,0,1,0
137,"Sun, Seungjong; Lee, Eungu; Nan, Dongyan; Zhao, Xiangying; Lee, Wonbyung; Jansen, Bernard J; Kim, Jang Hyun",Random Silicon Sampling: Simulating Human Sub-Population Opinion Using a Large Language Model Based on Group-Level Demographic Information,2024,Preprint,0,0,1,0,0,0,0,0,0,0,0,1,1,0,0,0,0,0,0,1,0,0,0,0,0,0,1,0,0,0,0,0,0,0,0,0,0,0,0,0,0,1,0,0,1,0,0,0,0,0,0,0,0,0,0,0,0,0,0,1,0,0,0,0,0,0,0,0,0,0,0,0,1,1,0,0,0,0,0,0,0
139,"Suzuki, Masahiro; Sakaji, Hiroki",Refined and Segmented Price Sentiment Indices from Survey Comments,2024,Preprint,0,0,0,1,0,0,0,0,0,0,0,0,0,0,0,1,0,0,0,0,0,0,1,0,1,1,1,0,1,0,1,0,0,0,0,0,0,0,0,0,0,0,1,1,0,0,0,0,0,1,0,0,0,0,0,0,0,0,0,0,0,0,0,1,0,0,0,0,0,0,0,0,0,0,0,0,0,0,1,0,0
140,"Symeonaki, Maria; Stamou, Giorgos; Kazani, Aggeliki; Tsouparopoulou, Eva; Stamatopoulou, Glykeria",Examining the development of attitude scales using Large Language Models (LLMs),2024,Preprint,0,1,0,0,0,1,0,0,0,0,0,0,0,0,0,0,0,0,0,0,0,0,0,NA,0,0,1,0,0,0,0,0,0,0,0,0,0,0,0,0,0,1,0,0,1,0,0,0,0,0,0,0,0,0,0,0,0,0,0,NA,NA,NA,NA,NA,NA,NA,0,0,0,0,0,0,1,0,0,0,0,0,0,0,0
141,"Tamime, Reham Al; Salminen, Joni O.; Jung, Soon-Gyo; Jansen, Bernard J.",Evaluating LLM-Generated Topics from Survey Responses: Identifying Challenges in Recruiting Participants through Crowdsourcing,2024,Conference Paper,1,0,0,1,0,0,0,0,0,0,0,0,0,0,0,1,0,0,0,0,0,0,0,NA,0,0,1,0,0,0,0,0,0,0,0,0,0,0,0,0,0,1,0,0,1,0,0,0,0,0,0,0,0,0,0,0,0,0,0,1,0,0,0,0,0,0,0,0,0,0,0,0,0,0,0,0,0,0,1,0,0
142,"Tang, Chenjun; Li, Ze; Zhu, Liangbing",A Bagging RAG Public Opinion Analysis and Guidance Tool Driven by Large Language Model,2024,Conference Paper,1,0,0,1,0,0,0,0,0,0,0,0,0,0,1,1,0,1,0,1,0,0,0,0,0,0,0,0,0,0,0,0,0,0,0,0,0,0,1,0,0,NA,NA,NA,0,0,1,0,0,0,0,0,0,0,0,0,0,0,0,0,0,0,0,0,0,1,1,0,0,0,0,1,0,0,0,0,0,0,0,0,0
143,"Tewari, Trevon; Hosein, Patrick",Automating the Conducting of Surveys Using Large Language Models,2024,Conference Paper,1,1,1,1,0,1,0,0,0,0,1,0,0,1,0,0,0,0,0,1,0,0,0,0,1,0,1,0,0,0,0,0,0,0,0,0,0,0,0,0,0,1,0,0,1,0,0,0,0,0,0,0,0,0,0,0,0,0,1,NA,NA,NA,NA,NA,NA,NA,0,0,0,0,0,0,1,0,0,0,0,0,0,0,0
144,"Trott, Sean",Large Language Models and the Wisdom of Small Crowds,2024,Journal Article,1,0,1,0,0,0,0,0,0,0,0,1,1,0,0,0,0,0,0,0,1,0,0,0,0,0,1,0,0,0,0,0,0,0,0,0,0,0,0,0,0,1,0,0,1,0,0,0,0,0,0,0,0,0,0,0,0,0,0,NA,NA,NA,NA,NA,NA,NA,0,0,0,0,0,0,0,0,0,0,0,0,0,0,0
145,"Tsai, Chun-Hua; Nandy, Gargi; House, Deanna; Carroll, John M.",Ensuring Transparency in Using ChatGPT for Public Sentiment Analysis,2024,Conference Paper,1,0,0,1,0,0,0,0,0,0,0,0,0,0,0,1,0,0,0,1,0,0,0,0,0,0,1,0,0,0,0,0,0,0,0,0,0,0,0,0,0,1,0,0,1,0,0,0,0,0,0,0,0,0,0,0,0,0,0,1,0,0,0,0,0,0,1,0,0,0,1,0,0,0,0,0,0,0,0,0,0
146,"Tzachristas, Ioannis; Narayanan, Santhanakrishnan; Antoniou, Constantinos",Guided Persona-based AI Surveys: Can we replicate personal mobility preferences at scale using LLMs?,2025,Preprint,0,0,1,0,0,0,0,0,0,0,0,1,1,0,0,0,0,0,0,1,0,0,0,0,0,0,1,0,0,0,0,0,0,0,0,0,0,0,0,0,0,1,0,0,1,0,0,0,0,0,0,0,0,0,0,0,0,0,0,0,0,0,1,0,0,0,0,0,0,0,0,0,1,0,0,0,0,0,0,0,0
147,"Velez, Yamil",Crowdsourced Adaptive Surveys,2024,Preprint,0,1,0,0,0,1,0,0,0,0,0,0,0,0,0,0,0,0,0,0,0,0,0,NA,0,0,1,0,0,0,0,0,0,0,0,0,0,0,0,0,0,NA,NA,NA,1,0,0,0,0,0,0,0,0,0,0,0,0,0,0,1,0,0,0,0,0,0,0,0,0,0,0,0,1,0,0,0,0,0,0,1,0
148,"von der Heyde, Leah; Haensch, Anna-Carolina; Wenz, Alexander","Vox Populi, Vox AI? Using Language Models to Estimate German Public Opinion",2024,Preprint,0,0,1,0,0,0,0,0,0,0,0,1,1,0,0,0,0,0,0,1,0,0,0,0,0,0,1,0,0,0,0,0,0,0,0,0,0,0,0,0,0,1,0,0,0,1,0,0,0,0,0,0,0,0,0,0,0,0,0,0,0,0,1,0,0,0,0,0,0,0,0,0,1,0,0,0,0,1,0,0,0
149,"von der Heyde, Leah; Haensch, Anna-Carolina; Wenz, Alexander",United in Diversity? Contextual Biases in LLM-Based Predictions of the 2024 European Parliament Elections,2024,Preprint,0,0,1,0,0,0,0,0,0,0,0,1,1,0,0,0,0,0,0,1,0,0,0,0,0,0,1,0,0,0,0,0,0,0,0,0,0,0,0,0,0,1,0,0,1,1,0,0,1,0,0,0,0,0,1,0,1,0,1,0,0,0,1,0,0,1,0,0,0,0,0,0,1,0,0,0,0,0,0,0,0
150,"Wahidur, Rahman S. M.; Tashdeed, Ishmam; Kaur, Manjit; Heung-No-Lee",Enhancing Zero-Shot Crypto Sentiment with Fine-tuned Language Model and Prompt Engineering,2023,Journal Article,1,0,0,1,0,0,0,0,0,0,0,0,0,0,0,1,0,0,0,0,0,0,0,1,1,1,0,0,0,0,0,0,0,0,0,0,0,0,0,0,1,0,1,1,1,0,0,0,0,0,0,0,0,0,0,0,0,0,0,0,0,0,0,0,0,1,1,1,0,1,0,0,0,0,0,0,0,0,0,0,0
153,"Wang, Mengxin; Zhang, Dennis J.; Zhang, Heng",Large Language Models for Market Research: A Data-augmentation Approach,2024,Preprint,0,0,1,0,0,0,0,0,0,0,0,1,0,0,0,0,0,0,0,0,0,0,0,NA,1,0,1,0,0,0,0,0,0,0,0,0,0,0,0,0,0,1,1,1,1,0,0,0,0,0,0,0,0,0,0,0,0,0,0,1,0,0,0,0,0,0,0,0,0,0,0,0,1,0,0,0,0,0,0,0,0
154,"Wuttke, Alexander; Aßenmacher, Matthias; Klamm, Christopher; Lang, Max M.; Würschinger, Quirin; Kreuter, Frauke",AI Conversational Interviewing: Transforming Surveys with LLMs as Adaptive Interviewers,2024,Preprint,0,0,1,0,0,0,0,0,0,0,1,0,0,0,0,0,0,0,0,1,0,0,0,0,0,0,1,0,0,0,0,0,0,0,0,0,0,0,0,0,0,0,0,1,1,0,0,0,0,0,0,0,0,0,0,0,0,0,0,0,0,0,1,0,0,1,0,0,0,0,0,0,1,0,0,0,0,0,0,0,0
155,"Yan, Yuan; Du, Wenzhuo; Yang, Di; Yin, Dechun",CIPTA: Contrastive-based Iterative Prompt-tuning Using Text Annotation from Large Language Models,2023,Conference Paper,1,0,0,1,0,0,0,0,0,0,0,0,0,0,0,1,0,0,0,0,0,0,0,NA,1,1,1,0,0,0,0,0,1,0,0,0,0,0,1,0,1,0,1,0,NA,NA,NA,NA,NA,NA,NA,NA,NA,NA,NA,NA,NA,NA,NA,0,0,0,0,0,0,1,1,1,0,0,0,0,0,0,0,0,0,0,0,0,0
156,"Yang, Joshua C.; Korecki, Marcin; Dailisan, Damian; Hausladen, Carina I.; Helbing, Dirk",LLM Voting: Human Choices and AI Collective Decision Making,2024,Conference Paper,1,0,1,0,0,0,0,0,0,0,0,1,1,0,0,0,0,0,0,0,0,0,1,0,1,0,1,1,0,0,0,0,0,0,0,0,0,0,0,0,0,1,0,0,NA,NA,NA,NA,NA,NA,NA,NA,NA,NA,NA,NA,NA,NA,NA,0,0,0,0,0,0,1,0,0,0,0,0,0,1,0,0,0,0,0,0,0,0
157,"Yu, Jiangbo; Zhao, Jinhua; Miranda-Moreno, Luis; Korp, Matthew",Modular Conversational Agents for Surveys and Interviews,2024,Preprint,0,0,1,1,0,0,0,0,0,0,1,0,0,0,1,0,0,0,0,0,0,0,0,NA,1,0,1,0,1,0,0,0,0,0,0,0,0,0,0,0,0,NA,NA,NA,1,0,0,0,1,0,0,0,0,0,0,0,0,0,0,0,0,0,0,0,0,1,0,0,0,0,0,0,0,0,0,0,0,0,1,0,0
158,"Yun, Hye Sun; Arjmand, Mehdi; Sherlock, P. R.; Paasche-Orlow, Michael K.; Griffith, James W.; Bickmore, Timothy W.",Keeping Users Engaged During Repeated Interviews by a Virtual Agent: Using Large Language Models to Reliably Diversify Questions,2024,Conference Paper,1,1,1,0,0,1,0,0,0,0,1,0,0,0,0,0,0,0,0,0,0,0,0,NA,1,0,1,0,0,0,0,0,0,0,0,0,0,0,0,0,0,1,0,0,1,0,0,0,0,0,0,0,0,0,0,0,0,0,0,NA,NA,NA,NA,NA,NA,NA,0,0,0,0,0,0,1,0,0,0,0,0,0,0,0
159,"Zeng, Qingcheng; Liu, Guanhong; Xue, Zhaoqian; Ford, Diego; Voigt, Rob; Hagen, Loni; Li, Lingyao",Sympathy over Polarization: A Computational Discourse Analysis of Social Media Posts about the July 2024 Trump Assassination Attempt,2025,Preprint,0,0,0,1,0,0,0,0,0,0,0,0,0,0,0,1,0,0,0,1,0,0,0,0,1,1,1,0,1,0,0,0,0,0,1,0,0,0,0,0,1,1,0,0,1,0,0,0,0,0,0,0,0,0,0,0,0,0,0,1,0,0,0,0,0,0,1,1,0,0,0,0,0,0,0,0,0,0,0,0,0
160,"Zenimoto, Y.; Hasegawa, Ryo; Utsuro, T.; Yoshioka, Masaharu; Kando, Noriko",Coding Open-Ended Responses using Pseudo Response Generation by Large Language Models,2024,Conference Paper,1,0,1,1,0,0,0,0,0,0,0,1,0,0,0,1,0,0,0,1,0,0,0,0,1,1,1,0,0,0,0,0,0,0,0,0,0,0,0,0,0,1,0,1,0,0,1,0,0,0,0,0,0,0,0,0,0,0,0,0,0,0,0,1,0,0,0,0,0,0,0,0,0,0,0,0,0,0,1,0,0
161,"Zhang, Baoyu; Chen, Tao; Wang, Xiao; Li, Qiang; Zhang, Weishan; Wang, Fei-Yue",Decoding Activist Public Opinion in Decentralized Self-Organized Protests Using LLM,2024,Journal Article,1,0,0,1,0,0,0,0,0,0,0,0,0,0,0,1,0,0,0,1,0,0,0,0,1,0,0,0,0,0,0,0,0,0,0,0,0,0,0,0,1,0,0,1,1,0,1,0,0,0,0,0,0,0,0,0,0,0,0,0,0,0,0,0,0,1,1,0,0,0,0,0,0,0,0,0,0,0,0,0,0
162,"Zhang, Mike; Lindsay, Euan D; Thorbensen, Frederik Bode; Poulsen, Danny Bøgsted; Bjerva, Johannes",Leveraging Large Language Models for Actionable Course Evaluation Student Feedback to Lecturers,2024,Preprint,0,0,0,1,0,0,0,0,0,0,0,0,0,0,1,0,0,0,0,0,0,1,0,0,0,0,0,1,0,0,0,0,0,0,0,0,0,0,0,0,0,1,0,0,1,0,0,0,0,0,0,0,0,0,0,0,0,0,0,0,0,0,0,0,0,1,0,0,0,0,0,0,1,0,0,0,0,0,1,0,0
163,"Zhang, Xinnong; Lin, Jiayu; Sun, Libo; Qi, Weihong; Yang, Yihang; Chen, Yue; Lyu, Hanjia; Mou, Xinyi; Chen, Siming; Luo, Jiebo; Huang, Xuanjing; Tang, Shiping; Wei, Zhongyu",ElectionSim: Massive Population Election Simulation Powered by Large Language Model Driven Agents,2024,Preprint,0,0,1,0,0,0,0,0,0,0,0,1,1,0,0,0,0,0,0,1,0,0,0,0,1,0,1,0,1,0,1,0,0,0,0,0,0,0,0,0,1,1,0,0,1,0,0,0,0,0,0,0,0,0,0,0,0,0,0,1,0,0,0,0,0,0,1,0,0,0,0,0,0,0,0,0,0,0,0,0,0
164,"Zhou, Muzhi; Yu, Lu; Geng, Xiaomin; Luo, Lan",ChatGPT vs Social Surveys: Probing the Objective and Subjective Human Society,2024,Preprint,0,0,1,0,0,0,0,0,0,0,0,1,1,0,0,0,0,0,0,1,0,0,0,0,0,0,1,0,0,0,0,0,0,0,0,0,0,0,0,0,0,0,1,0,1,0,0,0,0,0,0,0,0,0,0,0,0,0,0,1,0,0,0,0,0,0,0,0,0,0,0,0,1,0,0,0,0,0,0,0,0